,title,price
0,Shop on eBay,$20.00
1,APPLE AIRPODS PRO 2 SECONDA GENERAZIONE CUFFIE AURICOLARI ORIGINALI,"201,91 "
2,AirPods Pro 2nd Generaci√≥n PRECINTADOS,"80,00 "
3,"APPLE AirPods (2019 2¬™ gen), Inal√°mbricos, Bluetooth¬Æ, Estuche Carga no Inal√°mbr","129,00 "
4,Apple AirPods Pro 1st Generation +  (Original Packaging),"139,99 "
5,Apple AirPods Pro 2nd Generaci√≥n PRECINTADOS,"79,00 "
6,Apple AirPods Pro con Estuche de Carga Inal√°mbrico - Blanco,"100,00 "
7,Apple AirPods Pro 1a Generaci√≥n Cancelaci√≥n de Ruido con Estuche de Carga Blanco,"92,53 "
8,Anuncio nuevoApple Airpods 2da generaci√≥n con estuche de carga,"28,90 "
9,Auriculares y estuche de carga Apple Airpods 3a generaci√≥n Bluetooth,"71,85 "
10,Auriculares y estuche de carga Apple Airpods 3a generaci√≥n Bluetooth,"81,64 "
11,AirPods 3a generazione - Auricolari Wireless Bluetooth,"55,00 "
12,Funda de carga de auriculares inal√°mbricos Bluetooth para Apple AirPods (3ra generaci√≥n) - blanca,"68,25 "
13,¬´„Äê‚úÖüé∂üéßüÜï‚óÄ  Apple AirPods Pro 2 ‚ñ∂ Brand NEW UNOPENED MagSafe ANC Bluetooth üéµ‚úÖ„Äë¬ª,"189,00 "
14,Auriculares y estuche de carga Apple Airpods 2da generaci√≥n Bluetooth 1 PAR,"44,63 "
15,Funda de carga inal√°mbrica Apple AirPods 3a generaci√≥n Bluetooth,"68,68 "
16,AirPods 2 Generaci√≥n - Auriculares Compatibles con IOS/ANDROID Estuche de Carga R√°pida - Blanco,"50,33 "
17,Apple AirPods 3.¬™ generaci√≥n Auriculares Internos Inal√°mbricos - Blanco,"70,00 "
18,Apple AirPods 2 con Estuche de Carga Inal√°mbrica y GARANTIA,"70,00 "
19,Apple AirPods (1a generazione) - Scatola Vuota,"9,99 "
20,Anuncio nuevoApple AirPods Pro 1 generaci√≥n nuevos,"70,00 "
21,Apple AirPods Pro Nuevos,"80,00 "
22,Apple Airpods Pro (2·µâ g√©n√©ration) ‚Äã‚Äã‚Äã‚Äã‚Äã‚Äã‚Äãavec bo√Ætier de Charge MagSafe,"70,00 "
23,Apple AirPods 3.¬™ generaci√≥n Auriculares Internos Inal√°mbricos - Blanco,"80,00 "
24,Anuncio nuevoFunda de carga para Apple AirPods,"23,00 "
25,Airpods Pro 2nd Generation Barely Used ,"60,00 "
26,Apple AirPods Max Casque sans Fil sur l'oreille - Gris sid√©ral,"169,00 "
27,Anuncio nuevoairpods 3,"35,00 "
28,Auriculares Bluetooth 2da Generaci√≥n Apple Airpods + Estuche de Carga Blanco,"47,89 "
29,"Anuncio nuevoAirPods 3e g√©n√©ration NEUF, Jamais Utilis√©","70,00 "
30,Apple AirPods 2a generazione con Custodia di Ricarica - Bianche,"50,00 "
31,Anuncio nuevoApple AirPods Pro 2da Generaci√≥n con Estuche de Carga MagSafe - Blanco,"130,65 "
32,Auriculares inal√°mbricos Apple AirPods Max gris espacial - nuevo conjunto,"259,14 "
33,Anuncio nuevoapple airpods 1st generation,"18,77 "
34,"Apple AirPods Izquierdos NUEVOS (3. Gen) - Pieza de repuesto original (MME73ZM/A, A2565, A2564)","81,95 "
35,Apple AirPods 3ra generaci√≥n con estuche de carga Lightning - (Lee descripci√≥n),"34,68 "
36,apple AirPods Max,"275,00 "
37,Apple airpods 2 generazione,"67,00 "
38,Funda de carga inal√°mbrica Apple Airpods 3a generaci√≥n - Airpods originales 3a generaci√≥n ,"43,54 "
39,Auriculares inal√°mbricos Apple AirPods Pro Generation con estuche de carga MagSafe - blancos,"92,53 "
40,Apple AirPods Pro 2nd Generaci√≥n,"130,00 "
41,Apple AirPods 3.¬™ generaci√≥n (nuevos),"100,00 "
42,Anuncio nuevoApple AirPods Pro 2da Generaci√≥n con Estuche de Carga Inal√°mbrico MagSafe - Blanco,"27,89 "
43,Anuncio nuevoApple Air Pod Pro izquierdo funciona individualmente Air Pods Pro original,"23,50 "
44,Auriculares y estuche de carga Airpods de segunda generaci√≥n - blanco,"46,22 "
45,Apple AirPods Pro con Custodia di Ricarica senza Fili MagSafe - Bianco,"50,00 "
46,apple airpods 3a generation white¬†,"50,00 "
47,Apple AirPods Pro 2nd Generaci√≥n PRECINTADOS,"115,00 "
48,Anuncio nuevoairpods pro,"70,00 "
49,AirPods Pro con estuche de carga inal√°mbrica MagSafe - blanco - de terceros,"12,14 "
50,Anuncio nuevoFunda de carga de auriculares inal√°mbricos Bluetooth para Apple AirPods (3ra generaci√≥n) - blanca,"0,89 "
51,Apple AirPods 2a generazione con Custodia di Ricarica - Bianche,"56,00 "
52,AirPods Pro 2da Generaci√≥n con Estuche de Carga Inal√°mbrico - Blanco SELLADO,"51,29 "
53,Apple Airpods Pro 1 Generaci√≥n NUEVOS ,"50,00 "
54,Apple AirPods Pro 2da Generaci√≥n con Estuche de Carga Inal√°mbrico Magsafe MQD83AM/A,"179,05 "
55,Anuncio nuevoApple AirPods Max- azul,"119,22 "
56,Apple Airpods pro 2 generazione,"145,00 "
57,Apple Airpods 3 generazione,"97,00 "
58,Apple AirPods Pro 2nd Generaci√≥n (Nuevos),"60,00 "
59,"Apple AirPods Pro (2nd Gen) Con Estuche De Carga Inalambrico, Magsafe - Blanco","249,99 "
60,Anuncio nuevoAuriculares inal√°mbricos sobre la oreja Apple AirPods Max - gris espacial,"269,94 "
